nombre,apellido,fecha,sexo,usuario,password,especialidad,telefono
Max,Rudolph,01/02/1998,F,max47,LITE7lj,Neurologia,20275367
Di,Haldas,02/02/1998,F,haldas87,D68UEgXEk,Dermagologia,62755945
Catharine,Gusella,03/02/1998,F,catherine88,b5YxWyhZZX,Virologia,24250228
Mathilda,Tufts,04/02/1998,F,tufts77,3thVpW,Neurocirugia,12639729
Esmeralda,Isacco,05/02/1998,M,esme879,RoDXsjxf9N,Neurocirugia,48915470
Maisey,Maryanne,06/02/1998,F,maisemmm,hh684Zo9G,Urologia,58217457
Wendi,Wenda,07/02/1998,F,wendiii,6tcYUuvl,Endoscopia,65228889
Berget,Sikorski,08/02/1998,F,bergert7,kles8j4,Otorrinolaringologia,74523541
Romona,Mathilde,09/02/1998,F,kdeville8,OTZCV43tT,Urologia,55318044
Tilly,Charmine,10/02/1998,M,dkauscher9,i29SqTzX,Neurocirugia,99649960
Christal,Merriott,11/02/1998,M,gcarolinea,Sy6mR9,Otorrinolaringologia,65534997
Winny,Vivle,12/02/1998,F,zolohanb,VaSOZ3,Psiquiatria,85903021
Tiffie,Anis,13/02/1998,F,aneaversonc,yaeUa92,Pediatria,92179695
Codie,Gwenore,14/02/1998,F,jclowd,j6SVBD,Cirugia General,39532600
Annabela,Edmund,15/02/1998,M,emedewaye,kQCRapuk,Neurocirugia,34103261
Ann-Marie,Brackely,16/02/1998,M,ostockowf,sSVvqLpTNQJa,Infectologia,14920302
Lizzie,Yuille,17/02/1998,F,mvintg,D1Jt0ntkl,Oftalmologia,94454808
Ardys,Alejoa,18/02/1998,F,jedbrookeh,oNUGTsJgrS,Neurocirugia,16687967
Siana,Tyson,19/02/1998,M,cgillbeyi,nIxixQoKnDT,Endoscopia,77096443
