nombre,apellido,fecha,sexo,usuario,password,telefono
Jefferey,Steenson,6/5/1990,M,jsteenson0,0R64sY,68552856
Nanon,Parley,9/10/2003,F,nparley1,DmeHsrqqxV,49462212
Micky,Leward,9/6/2001,M,mleward2,WwnMD9EhGO3,70399544
Daisy,Van Giffen,21/12/1991,F,dvangiffen3,4kWABcEPQ,28793851
Else,Curston,17/12/2001,F,ecurston4,x9mD72,74603453
Nicolai,Matus,30/01/2003,M,nmatus5,DLcwoyO3n3a,50986318
Pietra,Guinane,18/04/2007,F,pguinane6,hQVmLsHkU9,30076638
Alex,Stewartson,22/01/1992,F,astewartson7,zItDrtNUuZk,83469519
Gav,McRitchie,20/07/1996,M,gmcritchie8,i9KtAGco3Od9,78302760
Quincy,Haryngton,30/03/2000,M,qharyngton9,lpgok4Pud,74630412
Suzette,Dyball,24/12/2001,F,sdyballa,x4ZJIKE8Wjt,44874423
Dell,Patient,6/9/1995,F,dpatientb,s47O8n3k,35616613
Myra,Yallowley,11/10/2009,F,myallowleyc,IrjTLE51,13154730
Bat,Gimeno,10/8/2008,M,bgimenod,AzZyinv7d,62407126
Avrom,Waring,30/04/1993,M,awaringe,S1XXx77q,62824077
Mona,Wingatt,2/6/2000,F,mwingattf,EMMtLt,35300237
Betteanne,Calderon,8/4/1993,F,bcalderong,o4sO3ySTkL,90124303
Nikolaos,McCarrick,9/1/2004,M,nmccarrickh,jExdou,92725756
Lucine,Sallter,1/2/2004,F,lsallteri,h0mbvv,25325037
Brannon,Goaks,27/05/1995,M,bgoaksj,7obJximBYb,57528234
Baillie,Tench,16/02/2008,M,btenchk,An05yL7J5N,18006452
Cammy,Rudeforth,20/03/1996,M,crudeforthl,jAuV7rkUXx5j,51421328
Edvard,Eichmann,1/9/2004,M,eeichmannm,q9qksmH,15956962
Henrie,Parsonage,26/09/1994,F,hparsonagen,NgRqm1q,10039907
Luke,Mynett,30/03/1997,M,lmynetto,W6MOS62XfR,15367176
Nathalie,Cucuzza,23/06/2009,F,ncucuzzap,0IBDPOBgs619,97661504
Brant,Fike,30/07/1999,M,bfikeq,CXGPZYu,31759276
Abby,Soan,15/09/1998,M,asoanr,KYuRKuG9Gr,28823847
Isac,Martensen,24/04/1997,M,imartensens,7PEVVkCwS,17404225
Egan,Dunklee,8/3/1990,M,edunkleet,p3Tnctxi,93686460
Mirella,Oertzen,3/3/2001,F,moertzenu,Gq0X8EQfiFR,63529346
Mill,Verecker,18/12/1996,M,mvereckerv,85oj0NymlOy,89016711
Wang,Duiged,27/09/2002,M,wduigedw,7ELhrVx,16119480
Flynn,Allsopp,16/12/1998,M,fallsoppx,R2878ziDGR6,45527050
Gasparo,De Vile,23/11/2006,M,gdeviley,zFx7UjR9Tn,50812951
Alysa,Frapwell,8/11/2008,F,afrapwellz,pFbljuyZJs,13299212
Liesa,Briggs,5/5/1995,F,lbriggs10,IA93vM,65885266
Janela,Philipet,27/04/1999,F,jphilipet11,50pDN9zJT7h,17264359
Ilise,Finlaison,9/2/2007,F,ifinlaison12,2hTs1RonHG7d,96668035
Janie,Jolliman,6/9/2000,F,jjolliman13,1733ABJYon,96926656
Eziechiele,Parkin,8/3/1992,M,eparkin14,wZnK1Y3cfT,56055166
Nicky,Dysert,17/04/1991,F,ndysert15,uZO5HEEBO,19836303
Christiano,Roocroft,2/8/2007,M,croocroft16,MG2NuSjP,44128136
Marena,Hardington,26/06/1993,F,mhardington17,3zgRkxKBe4Q,46519517
Carol-jean,Petrasek,19/01/2001,F,cpetrasek18,oVLglZ9Hi,76699023
Felecia,Elcome,11/12/1991,F,felcome19,zmpnPDMb,31452892
Joshia,Casbourne,18/05/1996,M,jcasbourne1a,MvW6RQjlIdE,74510363
Harrison,Birchett,16/09/1999,M,hbirchett1b,Ce32O3yg5o,15237315
Culley,Emson,14/03/2004,M,cemson1c,IDtcz1cwSq7I,50308228
Francois,Cast,26/12/1996,M,fcast1d,SLbAtS,45501586
Isak,Tooher,24/02/2008,M,itooher1e,j5NNEKG,72433700
Carlene,Skelhorne,24/09/2002,F,cskelhorne1f,whLpeplXG,78660919
Robb,Needham,12/4/2000,M,rneedham1g,JiEIGf,45171605
Arden,Dolley,2/1/1992,F,adolley1h,SgTTUZvwsqX,94066819
Warner,Habbert,16/08/2001,M,whabbert1i,rYGbQjy,45722789
Babara,Rame,14/10/1996,F,brame1j,TvIjyfT,38527068
Norene,Franzotto,1/8/2002,F,nfranzotto1k,jD9xKmANPEnn,25145726
Olag,Daspar,5/9/1999,M,odaspar1l,WFx2l9u,83736743
Dietrich,Bibb,1/10/1993,M,dbibb1m,IKtjGt1cF,98367968
Devonne,Antoniutti,16/02/1990,F,dantoniutti1n,xfXzsgxuaCU,81264495
Xenia,Rishworth,1/7/2003,F,xrishworth1o,jmT6xQC,37228523
Jobyna,Snoden,7/1/2006,F,jsnoden1p,KdbozBjQ6,35007885
Marcellus,Balogh,8/2/2009,M,mbalogh1q,2662VaTgj,69615550
Dominik,Dossantos,28/07/1996,M,ddossantos1r,C35mRtNo,92371558
Jess,Kilbane,19/08/2007,F,jkilbane1s,1oRWBBae1gc,17008073
Bronson,Lawrence,19/08/1993,M,blawrence1t,ohgaguXz,41180393
Menard,Allaker,19/06/2001,M,mallaker1u,BfrLPs,34174975
Adrian,Possell,9/5/2009,M,apossell1v,YPFuEpucTDxd,12528245
Tarah,Strutley,13/05/1990,F,tstrutley1w,REB4V44g0z,38714765
Shelden,Sherwill,10/11/1992,M,ssherwill1x,4uka0nV,87902882
Currie,Monelle,30/10/2002,M,cmonelle1y,dz9X5j,61018748
Piper,Rawcliffe,13/12/2003,F,prawcliffe1z,Macgy7OUb,31127953
Mellie,Palfrie,7/1/1995,F,mpalfrie20,nrFA0m,33289187
Charley,Guitte,21/02/1995,M,cguitte21,QygZLmgFcIx,78257015
Jehanna,Chawner,22/07/1998,F,jchawner22,LWisDurKzN,65888918
Verla,Ricciardello,14/07/2007,F,vricciardello23,IEgjtsrRWK,59244542
Janine,Endersby,20/07/1997,F,jendersby24,hQNihQ,52075096
Jeffrey,Tassell,7/10/1992,M,jtassell25,dNu4TE,33769247
Kylynn,Kubek,15/08/1996,F,kkubek26,wuUiBnhg9pV,10086468
Dorthy,Pietroni,9/9/1999,F,dpietroni27,Yn6tGZ0PhnYX,59667017
Nanny,Babar,24/07/1994,F,nbabar28,wF2PqoS03Zm,31307472
Barbey,Quilkin,10/10/1998,F,bquilkin29,0hXscg,46259860
Jasmine,Cremins,16/07/2002,F,jcremins2a,hPN31JL,89623637
Benjie,Hryskiewicz,1/10/2006,M,bhryskiewicz2b,axbIUbG5ik88,88130547
Datha,Oak,11/3/1998,F,doak2c,ME1O16r3ap,48323140
Harvey,Doogue,2/9/1994,M,hdoogue2d,w2KGu7o03cVC,49783516
Thoma,Yurikov,12/9/1994,M,tyurikov2e,3MiXL0eVwB,78920704
Annabelle,Simson,18/08/1995,F,asimson2f,fDXbInA3i,91837766
Lanita,Drury,19/11/2001,F,ldrury2g,Zj1QSWWa,60361432
Jaquenetta,Bassom,26/08/2005,F,jbassom2h,RMO8l5tmXEU,96814686
Shena,Brann,15/10/1997,F,sbrann2i,SUjmGt,42523710
Jordan,Huntley,8/7/1991,F,jhuntley2j,Zt5Cu3H,85578638
Regina,Buckett,20/01/2005,F,rbuckett2k,3SvK9mqw,69736219
Arlen,Leopard,5/12/2003,F,aleopard2l,mecSn0j,72088946
Amata,Andrei,2/1/1999,F,aandrei2m,D0MlUA2Zk5,19644363
Marlon,Stitcher,20/12/2002,M,mstitcher2n,Q7qARsejMVj,77296652
Kathye,Francescuccio,15/05/1992,F,kfrancescuccio2o,OKAOZ8zFf5i,25713665
Fran,Lalor,14/07/1991,F,flalor2p,aizeXmx,72244099
Lynea,Jeff,8/3/1996,F,ljeff2q,IMykafJMrnUl,33347792
Grete,Bockings,3/5/2006,F,gbockings2r,wtbazHXahl8,62798419
Augie,Lehrahan,2/10/2008,M,alehrahan2s,xsdkqM,16713115
Pippo,Cathcart,24/06/1999,M,pcathcart2t,uPQclnxuw,75869889
Aubrey,Worboys,22/08/2003,M,aworboys2u,X0IGBm3r,43929342
Salvador,Dickin,8/1/1990,M,sdickin2v,tjoNY3oKHVrF,89732061
Kelcey,Elbourn,2/10/1994,F,kelbourn2w,uymi0zsW5cHT,12595367
Berton,Valentine,12/8/2002,M,bvalentine2x,mBockAfJ9,95996663
Shani,MacCracken,12/10/1991,F,smaccracken2y,t4wNT5Z,22623067
Wilt,Kingshott,3/12/1991,M,wkingshott2z,hmOdrXDH,36348083
Myrle,Pavinese,2/6/2006,F,mpavinese30,y6eD9vChflaM,24244854
Cesya,Ouldcott,11/2/2003,F,couldcott31,ZccYAD,55556971
Arty,Coney,4/4/1992,M,aconey32,EBsJzZ3GPN,77994828
Tanny,Kempston,23/08/2002,M,tkempston33,YjMTCsumjP,18418882
Jori,Pitkins,17/11/1991,F,jpitkins34,EF3h6up,41883702
Alfie,Campa,22/03/2005,M,acampa35,dfgqv0sC,67586195
Marji,Swinburne,5/9/2003,F,mswinburne36,U5Qqki,44381724
April,Fretwell,21/06/2002,F,afretwell37,Ex9UNa,78620144
Emilio,Footitt,29/06/1993,M,efootitt38,E2zgxTYI,71898251
Rodney,McMennum,4/7/2009,M,rmcmennum39,7loS2vD,41933550
Eduardo,Darey,26/08/1993,M,edarey3a,TcZcZx,16161415
Ambrosius,Etoile,13/01/2006,M,aetoile3b,7vugGOrzEp,20887071
Prissie,Dreakin,1/2/2008,F,pdreakin3c,MdfIqOEdnxnZ,38433877
Andreas,Heavens,10/12/1996,M,aheavens3d,hpCME1n,29346135
Blayne,Fassmann,4/6/2001,M,bfassmann3e,X4lQUl7iB,52051343
Alverta,Petrillo,18/03/1994,F,apetrillo3f,mU1Ho4,86342801
Robert,Rosenstengel,11/5/1999,M,rrosenstengel3g,rrF2uxM,57084007
Alon,Bagwell,16/12/1992,M,abagwell3h,3Vz71wYharp,82385643
Alexia,Neill,23/08/1997,F,aneill3i,JExaRE,24626686
Inness,Klemencic,7/7/2007,M,iklemencic3j,IR5gbYDld7z,87367510
Cara,Hasker,26/02/2003,F,chasker3k,X5GtFjrd,20587995
Jeannine,Twelves,22/12/2006,F,jtwelves3l,bsHFoK,24252536
Bald,Keuneke,26/12/2001,M,bkeuneke3m,0pe1Kas,77678541
Ingamar,McTrustam,8/10/2004,M,imctrustam3n,MfzBKPE,94053267
Nickie,Kroger,13/11/2006,F,nkroger3o,06he0n,14463588
Bondy,Burgne,6/8/1996,M,bburgne3p,GiSuJohvvd5u,65734410
Deloria,Uttley,12/6/1996,F,duttley3q,mqRKxH,73832641
Kelley,Salzburg,17/06/1993,F,ksalzburg3r,InS2BVnU,81710324
Loren,Coffee,11/5/2002,M,lcoffee3s,GMA3g3y823u,76097314
Ced,Goroni,19/03/2007,M,cgoroni3t,RhFWAw8T,96974867
Jacynth,Foulcher,9/12/2008,F,jfoulcher3u,CMJc1u6,41927688
Farrand,Whetland,28/10/2008,F,fwhetland3v,39LiTj,89809481
Carleton,Bools,3/2/1999,M,cbools3w,ySfaFRBxht3,59505553
Sherwynd,Walstow,24/09/2009,M,swalstow3x,MZsIE5,32111928
Jannel,Heinsen,27/11/1992,F,jheinsen3y,Jj2zL6kzt,45031946
Oswald,Ayshford,2/1/2001,M,oayshford3z,RNg8yupFOI1G,10174018
Stacee,Dominik,21/06/2008,F,sdominik40,JUU1LeR3,73551675
Barney,Pollok,20/12/2002,M,bpollok41,CvwCJwA,73220923
Natala,Hughes,2/4/2007,F,nhughes42,1KqcAwUaRpD8,80984938
Cherrita,Verni,11/6/2006,F,cverni43,y95yYxvxq,58250803
Don,McNern,28/12/2009,M,dmcnern44,0tB0zOgZspr,87525484
Beatrisa,Rucklidge,17/04/1996,F,brucklidge45,zQaqOr,89861319
Dorian,Cominetti,10/4/1990,F,dcominetti46,dfk9y2,11610215
Geoff,Caudle,5/4/1993,M,gcaudle47,Y5qPPn3MCLl,83652761
Tore,Birdsall,9/12/2006,M,tbirdsall48,UrvylRE,14667725
Corney,Manis,25/06/1997,M,cmanis49,NBeXhm1Lqvt,76652289
Desiri,MacCard,25/09/2006,F,dmaccard4a,kq1qkD,99961169
Yolane,Almeida,8/10/2006,F,yalmeida4b,eLmqSQtO0E4,48208151
Shepperd,Ebbage,4/12/2003,M,sebbage4c,X6obgy8DoT5h,79951737
Sid,Rother,18/12/2005,M,srother4d,SlytzAa5qsOD,40153374
Riordan,Roscam,1/6/1992,M,rroscam4e,D9Mu9nJYi,35644962
Margarita,Sprott,16/08/1992,F,msprott4f,XUfrmnUecM,80874617
Trevor,Farloe,7/3/2008,M,tfarloe4g,oL0PMLmt0wjE,74131756
Gwenora,McGrale,24/06/2007,F,gmcgrale4h,ots3pBTeEZb,24452509
Clerc,Beckerleg,16/12/1994,M,cbeckerleg4i,idXpbjjHy,82962511
Branden,De Biasi,13/03/1994,M,bdebiasi4j,HrsTXL03331,76152125
Sandor,Colvie,6/9/2001,M,scolvie4k,WiNorqOZ0uf,35813005
Waite,Dufer,15/06/2002,M,wdufer4l,Pq1ZZGWrk7OT,51697765
Enrico,Badini,10/1/2006,M,ebadini4m,0fexZqbMoh,42056148
Yance,McCloch,12/7/2002,M,ymccloch4n,zco18xlXOXTV,24248867
Teador,Lyfield,11/6/2005,M,tlyfield4o,NtvGUcm,20062601
Gusty,Casa,21/08/1993,F,gcasa4p,6R3PWYzbeVu,78550916
Fran,Geockle,2/9/2008,M,fgeockle4q,JthgS1aGR,28897158
Arch,Pelfer,3/8/2008,M,apelfer4r,lHUN3yr,30204620
Levi,Maass,6/4/1998,M,lmaass4s,7hFU0bh94IRx,24982714
Eadie,Malmar,11/12/1990,F,emalmar4t,LQO17wdoD,73131859
Alford,Goldberg,10/4/1998,M,agoldberg4u,L0mwrsJfmWf2,27026410
Sherry,Barde,3/6/1992,F,sbarde4v,AcDzYdX9B09,92363727
Breena,Hoofe,3/10/2000,F,bhoofe4w,U4g2pKGL,52784276
Nathalia,Ugolotti,25/01/2000,F,nugolotti4x,fZDBXfOSPTQ5,39678064
Fletcher,Brugden,9/1/2006,M,fbrugden4y,ifwTFJCrfm,99929694
Zabrina,Hitzschke,29/07/2003,F,zhitzschke4z,kTU16pQlXdiC,84251900
Carter,Proger,20/04/1997,M,cproger50,ioDq5QQGM,73435367
Greg,Hurley,1/4/1998,M,ghurley51,bad5E7LdXO,73963115
Herve,Rippin,7/8/1991,M,hrippin52,nCNtT8v5ffMu,60898152
Adan,Tennison,18/03/2002,F,atennison53,dLtgOBcrV,41502498
Tadeas,Gullifant,27/10/2003,M,tgullifant54,W88U3DX,89752118
Indira,Blenkinship,21/08/2006,F,iblenkinship55,D2qlX3,12404793
Sandy,Higginbottam,10/9/1998,M,shigginbottam56,Kp6H7cx5m,42335782
Renato,Vigietti,12/10/2002,M,rvigietti57,A7VtGjmzsVl,35283608
Stern,Thursby,19/12/1991,M,sthursby58,2Rv9goNnXTr,21843355
Perrine,Godson,20/07/1999,F,pgodson59,YCKu3pCX,16991220
Tally,Lytlle,7/10/2001,F,tlytlle5a,hT0N6GsV,40251753
Devina,Selliman,27/11/1993,F,dselliman5b,QwyuRQz,16702010
Gardener,Bolmann,28/10/2003,M,gbolmann5c,EVmQRWn2E,81045143
Izaak,Jellybrand,10/3/1995,M,ijellybrand5d,HuwuD3c,12985771
Estrellita,Wallach,28/05/2009,F,ewallach5e,HOiydPh4L,18188132
Amalle,Bloggett,28/03/2002,F,abloggett5f,caogQhj7G,62216070
Alex,Moth,8/5/2006,M,amoth5g,72yxcVR,22446999
Stacy,Varnes,15/02/1998,F,svarnes5h,UNT5JOpBkQ,52148359
Morse,Thorley,5/4/1998,M,mthorley5i,qsGavph,53969488
Rubia,Huckstepp,23/09/2000,F,rhuckstepp5j,irrmglGNd4iT,84624740
